SettlementPoint,Year,HourlyVolatility
HB_SOUTH,2016,0.2093581364005921
HB_WEST,2017,0.24945718699513475
HB_WEST,2018,0.2922569151680295
HB_PAN,2019,0.5929799164463335
